おもしろ,2ch
おもしろ,藁
おもしろ,w
おもしろ,ww
おもしろ,www
おもしろ,笑
おもしろ,バロス
おもしろ,おもしろ
おもしろ,恋愛テクニック
おもしろ,恋愛コラム
おもしろ,バツイチ
おもしろ,草食系
おもしろ,女子力
おもしろ,デート
おもしろ,プレゼント
おもしろ,ブログ
おもしろ,不倫
おもしろ,浮気
おもしろ,カップル
おもしろ,ナンパ
おもしろ,合コン
おもしろ,片思い
おもしろ,恋愛心理学
おもしろ,出会い
おもしろ,待ち受け
おもしろ,マンネリ
おもしろ,キス
おもしろ,イケメン
おもしろ,メール
おもしろ,ギャップ
おもしろ,かわいい
おもしろ,家具
おもしろ,告白
おもしろ,セクシー
おもしろ,彼氏
おもしろ,失恋
おもしろ,お見合い
おもしろ,セックス
おもしろ,エッチ
おもしろ,プロ彼女
おもしろ,バッグ
おもしろ,サンダル
おもしろ,クラッチバッグ
おもしろ,マフラー
おもしろ,サボ
おもしろ,帽子
おもしろ,ショルダーバッグ
おもしろ,キーケース
おもしろ,パンプス
おもしろ,三井アウトレットパーク
おもしろ,サンローラン
おもしろ,バックパック
おもしろ,傘
おもしろ,ネクタイ
おもしろ,リュックサック
おもしろ,スヌード
おもしろ,ストール
おもしろ,ポーチ
おもしろ,ローファー
おもしろ,名刺入れ
おもしろ,夏コーデ
おもしろ,秋コーデ
おもしろ,冬コーデ
おもしろ,ツイード
おもしろ,カウチンセーター
おもしろ,ダウンコート
おもしろ,シープスキンブーツ
おもしろ,ノースリーブ
おもしろ,ブラウス
おもしろ,海外セレブ
おもしろ,韓国ファッション
おもしろ,トレンチコート
おもしろ,スカート
おもしろ,ライフハック
おもしろ,花粉症
おもしろ,ゆるキャラ
おもしろ,生活習慣
おもしろ,健康
おもしろ,お酒
おもしろ,雑学
おもしろ,自己啓発
おもしろ,名言
おもしろ,人付き合い
おもしろ,睡眠
おもしろ,掃除
おもしろ,節約
おもしろ,子育て
おもしろ,DIY
おもしろ,収納
おもしろ,貯金
おもしろ,お風呂
おもしろ,手芸
おもしろ,便利グッズ
おもしろ,趣味
おもしろ,雑貨
おもしろ,インテリア
おもしろ,風水
おもしろ,資格
おもしろ,カフェ
おもしろ,文房具
おもしろ,心理学
おもしろ,北欧雑貨
おもしろ,生活雑貨
おもしろ,ママ友
おもしろ,アレルギー
おもしろ,フリマアプリ
おもしろ,登山
おもしろ,キャンプ
おもしろ,ダイエット
おもしろ,乾燥肌
おもしろ,ニキビ
おもしろ,ネイル
おもしろ,メイク
おもしろ,脱毛
おもしろ,筋トレ
おもしろ,エクササイズ
おもしろ,脚やせ
おもしろ,肥満
おもしろ,ボディケア
おもしろ,ウォーキング
おもしろ,ストレッチ
おもしろ,占い
おもしろ,ヘアカタログ
おもしろ,水着
おもしろ,タロット占い
おもしろ,コスメ
おもしろ,生理
おもしろ,ヘアアレンジ
おもしろ,ピアス
おもしろ,マッサージ
おもしろ,チャーム
おもしろ,前髪アレンジ
おもしろ,オルチャンメイク
おもしろ,フィッシュボーン
おもしろ,パーマ
おもしろ,ツインテール
おもしろ,イヤーカフ
おもしろ,縮毛矯正
おもしろ,編み込み
おもしろ,ナチュラルメイク
おもしろ,ブレスレット
おもしろ,ハーフアップ
おもしろ,デトックス
おもしろ,ペアルック
おもしろ,エプロン
おもしろ,炭水化物ダイエット
おもしろ,エステ
おもしろ,アイメイク
おもしろ,スクワット
おもしろ,ミディアムヘアアレンジ
おもしろ,ポンパドール
おもしろ,二の腕痩せ
おもしろ,リンパマッサージ
おもしろ,美肌
おもしろ,アイシャドウ
おもしろ,マツエク
グルメ,肉
グルメ,ワイン
グルメ,寿司
グルメ,ミシュラン
グルメ,三ツ星
グルメ,築地
グルメ,バレンタイン
グルメ,クリスマス
グルメ,野菜
グルメ,カレー
グルメ,スムージー
グルメ,キャラ弁
グルメ,パスタ
グルメ,チョコレート
グルメ,プリン
グルメ,バナナ
グルメ,期間限定
グルメ,いちご
グルメ,かぼちゃ
グルメ,コンビニ
グルメ,お菓子
グルメ,簡単レシピ
グルメ,パンケーキ
グルメ,朝食
グルメ,チーズケーキ
グルメ,オムライス
グルメ,ラーメン
グルメ,ランチ
グルメ,女子会
グルメ,居酒屋
グルメ,焼肉
グルメ,スイーツ
グルメ,寿司
グルメ,うどん
グルメ,簡単　
グルメ,本格派
グルメ,ガリガリ君
グルメ,B級グルメ
グルメ,お土産
グルメ,卵料理
グルメ,爽健美茶
グルメ,レストラン
グルメ,コンビニスイーツ
グルメ,和菓子
グルメ,バーベキュー
グルメ,冷製パスタ
グルメ,かき氷
グルメ,ズッキーニ
スポーツ,野球
スポーツ,サッカー
スポーツ,アメフト
スポーツ,フットボール
スポーツ,バスケ
スポーツ,バスケットボール
スポーツ,オリンピック
スポーツ,五輪
スポーツ,アメリカンフットボール
スポーツ,水泳
スポーツ,競泳
スポーツ,水球
スポーツ,読売ジャイアンツ
スポーツ,原監督
スポーツ,阿部慎之助
スポーツ,ドラフト
スポーツ,阪神タイガース
スポーツ,東京ヤクルトスワローズ
スポーツ,広島東洋カープ
スポーツ,横浜DeNAベイスターズ
スポーツ,中日ドラゴンズ
スポーツ,福岡ソフトバンクホークス
スポーツ,オリックス・バファローズ
スポーツ,北海道日本ハムファイターズ
スポーツ,千葉ロッテマリーンズ
スポーツ,埼玉西武ライオンズ
スポーツ,大谷翔平
スポーツ,黒田博樹
スポーツ,前田健太
スポーツ,坂本勇人
スポーツ,中田翔
スポーツ,藤川球児
スポーツ,秋山翔吾
スポーツ,柳田悠岐
スポーツ,清田育宏
スポーツ,浅村栄斗
スポーツ,松田宣浩
スポーツ,中村晃
スポーツ,内川聖一
スポーツ,森友哉
スポーツ,中村剛也
スポーツ,松井稼頭央
スポーツ,則本昂大
スポーツ,菊池雄星
スポーツ,松井裕樹
スポーツ,斎藤佑樹
スポーツ,筒香嘉智
スポーツ,新井貴浩
スポーツ,山田哲人
スポーツ,鳥谷敬
スポーツ,菊池涼介
スポーツ,マートン
スポーツ,長野久義
スポーツ,菅野智之
スポーツ,藤浪晋太郎
スポーツ,高木勇人
スポーツ,杉内俊哉
スポーツ,高橋由伸
スポーツ,原辰徳
スポーツ,糸井嘉男
スポーツ,西川遥輝
スポーツ,今宮健太
スポーツ,高橋監督
スポーツ,ヤンキース
スポーツ,レッドソックス
スポーツ,レイズ
スポーツ,ホワイトソックス
スポーツ,オリオールズ
スポーツ,ブルージェイズ
スポーツ,インディアンス
スポーツ,タイガース
スポーツ,ロイヤルズ
スポーツ,ツインズ
スポーツ,アストロズ
スポーツ,エンゼルス
スポーツ,アスレチックス
スポーツ,マリナーズ
スポーツ,レンジャーズ
スポーツ,ブレーブス
スポーツ,マーリンズ
スポーツ,メッツ
スポーツ,フィリーズ
スポーツ,ナショナルズ
スポーツ,カブス
スポーツ,ブルワーズ
スポーツ,パイレーツ
スポーツ,カージナルス
スポーツ,ダイヤモンドバックス
スポーツ,ロッキーズ
スポーツ,ドジャース
スポーツ,パドレス
スポーツ,ジャイアンツ
スポーツ,田中将大
スポーツ,ダルビッシュ有
スポーツ,青木宣親
スポーツ,イチロー
スポーツ,岩隈久志
スポーツ,上原浩治
スポーツ,田沢純一
スポーツ,和田毅
スポーツ,アメリカン・リーグ
スポーツ,ナショナル・リーグ
スポーツ,ワイルドカード
スポーツ,川崎宗則
スポーツ,長谷部誠
スポーツ,香川真司
スポーツ,本田圭佑
スポーツ,遠藤保仁
スポーツ,武藤嘉紀
スポーツ,長友佑都
スポーツ,内田篤人
スポーツ,清武弘嗣
スポーツ,岡崎慎司
スポーツ,ハリルホジッチ
スポーツ,川島永嗣
スポーツ,槙野智章
スポーツ,ワールドカップ
スポーツ,なでしこジャパン
スポーツ,大迫勇也
スポーツ,酒井高徳
スポーツ,酒井宏樹
スポーツ,細貝萌
スポーツ,柿谷曜一朗
スポーツ,柴崎岳
スポーツ,吉田麻也
スポーツ,乾貴士
スポーツ,森重真人
スポーツ,FC東京
スポーツ,コンサドーレ札幌
スポーツ,グルージャ盛岡
スポーツ,ベガルタ仙台
スポーツ,ブラウブリッツ秋田
スポーツ,モンテディオ山形
スポーツ,福島ユナイテッドFC
スポーツ,鹿島アントラーズ
スポーツ,水戸ホーリーホック
スポーツ,栃木SC
スポーツ,ザスパクサツ群馬
スポーツ,浦和レッズ
スポーツ,大宮アルディージャ
スポーツ,ジェフユナイテッド千葉
スポーツ,柏レイソル
スポーツ,東京ヴェルディ
スポーツ,FC町田ゼルビア
スポーツ,川崎フロンターレ
スポーツ,横浜F・マリノス
スポーツ,横浜FC
スポーツ,SC相模原
スポーツ,湘南ベルマーレ
スポーツ,ヴァンフォーレ甲府
スポーツ,AC長野パルセイロ
スポーツ,松本山雅FC
スポーツ,アルビレックス新潟
スポーツ,カターレ富山
スポーツ,ツエーゲン金沢
スポーツ,清水エスパルス
スポーツ,ジュビロ磐田
スポーツ,藤枝MYFC
スポーツ,名古屋グランパス
スポーツ,FC岐阜
スポーツ,京都サンガ
スポーツ,ガンバ大阪
スポーツ,セレッソ大阪
スポーツ,ヴィッセル神戸
スポーツ,ガイナーレ鳥取
スポーツ,ファジアーノ岡山
スポーツ,サンフレッチェ広島
スポーツ,レノファ山口FC
スポーツ,徳島ヴォルティス
スポーツ,カマタマーレ讃岐
スポーツ,愛媛FC
スポーツ,アビスパ福岡
スポーツ,ギラヴァンツ北九州
スポーツ,サガン鳥栖
スポーツ,ロアッソ熊本
スポーツ,大分トリニータ
スポーツ,FC琉球
スポーツ,チェルシー
スポーツ,アーセナル
スポーツ,インテル
スポーツ,メッシ
スポーツ,ネイマール
スポーツ,バルセロナ
スポーツ,クリスティアーノ・ロナウド
スポーツ,マリオ・バロテッリ
スポーツ,プレミアリーグ
スポーツ,マンチェスター・ユナイテッド
スポーツ,リヴァプール
スポーツ,マンチェスター・シティ
スポーツ,ACミラン
スポーツ,シャルケ
スポーツ,シュツットガルト
スポーツ,マインツ
スポーツ,バイエルン・ミュンヘン
スポーツ,ハノーファー
スポーツ,ボルシア・ドルトムント
スポーツ,ロッベン
スポーツ,ユヴェントス
スポーツ,パリ・サンジェルマン
スポーツ,ノイアー
スポーツ,ルーニー
スポーツ,ピルロ
スポーツ,宮市亮
スポーツ,大阪桐蔭
スポーツ,PL学園
スポーツ,済美高校
スポーツ,仙台育英
スポーツ,東海大菅生
スポーツ,浦和学院
スポーツ,県岐阜商
スポーツ,早稲田実業
スポーツ,近江
スポーツ,龍谷大平安
スポーツ,木更津総合
スポーツ,天理
スポーツ,東海大相模
スポーツ,作新学院
スポーツ,日本文理
スポーツ,常総学院
スポーツ,横浜高校
スポーツ,東海大四
スポーツ,明徳義塾
スポーツ,英明
スポーツ,花巻東
スポーツ,清宮幸太郎
スポーツ,オコエ瑠偉
スポーツ,大阪偕星
スポーツ,早実
スポーツ,聖光学院
スポーツ,鹿児島実
スポーツ,中京大中京
スポーツ,上田西
スポーツ,専大松戸
スポーツ,関東第一
スポーツ,浅田真央
スポーツ,羽生結弦
スポーツ,高橋大輔
エンタメ,芸人
エンタメ,芸能
エンタメ,タレント
エンタメ,エンターテイメント
エンタメ,堀北真希
エンタメ,剛力彩芽
エンタメ,熱愛
エンタメ,結婚
エンタメ,離婚
エンタメ,破局
エンタメ,ジャニーズ
エンタメ,AKB48
エンタメ,ももいろクローバーZ
エンタメ,綾瀬はるか
エンタメ,堤真一
エンタメ,香川照之
エンタメ,堺雅人
エンタメ,満島ひかり
エンタメ,上戸彩
エンタメ,ベッキー
エンタメ,能年玲奈
エンタメ,お笑い芸人
エンタメ,有吉
エンタメ,坂上忍
エンタメ,くりぃむしちゅー
エンタメ,福士蒼汰
エンタメ,有村架純
エンタメ,少女時代
エンタメ,番組
エンタメ,イベント
エンタメ,辻希美
エンタメ,乃木坂46
エンタメ,大島優子
エンタメ,山本彩
エンタメ,橋本環奈
エンタメ,広瀬すず
エンタメ,石原さとみ
エンタメ,北川景子
エンタメ,ふなっしー
エンタメ,ローラ
エンタメ,西内まりや
エンタメ,大野智
エンタメ,西野カナ
エンタメ,北斗晶
エンタメ,ざわちん
エンタメ,きゃりーぱみゅぱみゅ
エンタメ,おのののか
エンタメ,小嶋陽菜
エンタメ,柏木由紀
エンタメ,櫻井翔
エンタメ,前田敦子
エンタメ,本田翼
エンタメ,ダレノガレ明美
エンタメ,井上真央
エンタメ,NMB48
エンタメ,吉田羊
エンタメ,SKE48
エンタメ,倉科カナ
エンタメ,今井雅之
エンタメ,沢尻エリカ
エンタメ,玉森裕太
エンタメ,壇蜜
エンタメ,島崎遥香
エンタメ,水原希子
エンタメ,木村文乃
エンタメ,杉浦太陽
エンタメ,窪田正孝
エンタメ,中村アン
エンタメ,佐野ひなこ
エンタメ,木下優樹菜
エンタメ,吉高由里子
エンタメ,HKT48
エンタメ,加藤茶
エンタメ,綾野剛
エンタメ,SMAP
エンタメ,マギー
エンタメ,高倉健
エンタメ,小栗旬
エンタメ,松井玲奈
エンタメ,佐々木希
エンタメ,山下智久
エンタメ,渡辺麻友
エンタメ,神田沙也加
エンタメ,西島秀俊
エンタメ,小島瑠璃子
エンタメ,鈴木亮平
エンタメ,木村拓哉
エンタメ,長澤まさみ
エンタメ,矢口真里
エンタメ,二宮和也
エンタメ,平愛梨
エンタメ,篠崎愛
エンタメ,山田孝之
エンタメ,佐藤健
エンタメ,日本エレキテル連合
エンタメ,スザンヌ
エンタメ,岡田准一
エンタメ,夏目三久
エンタメ,クマムシ
エンタメ,ゴールデンボンバー
エンタメ,米倉涼子
エンタメ,高橋みなみ
エンタメ,武井咲
エンタメ,山崎賢人
エンタメ,田中みな実
エンタメ,宮脇咲良
エンタメ,東出昌大
エンタメ,渡辺美優紀
エンタメ,後藤真希
エンタメ,坂口杏里
エンタメ,松坂桃李
エンタメ,山田優
エンタメ,瀧本美織
エンタメ,加藤綾子
エンタメ,河北麻友子
エンタメ,横山由依
エンタメ,マツコ・デラックス
エンタメ,ビッグダディ
エンタメ,塩村文夏
エンタメ,吉木りさ
エンタメ,亀梨和也
エンタメ,辺見えみり
エンタメ,真木よう子
エンタメ,高岡早紀
エンタメ,香里奈
エンタメ,土屋太鳳
エンタメ,榮倉奈々
エンタメ,清原和博
エンタメ,戸田恵梨香
エンタメ,平子理沙
エンタメ,柴咲コウ
エンタメ,松井珠理奈
エンタメ,小森純
エンタメ,中居正広
エンタメ,大倉忠義
エンタメ,江角マキコ
エンタメ,長渕剛
エンタメ,中森明菜
エンタメ,松岡修造
エンタメ,鈴木奈々
エンタメ,藤ヶ谷太輔
エンタメ,ナオト・インティライミ
エンタメ,加護亜依
エンタメ,益若つばさ
エンタメ,安達祐実
エンタメ,グラビア
エンタメ,みひろ
エンタメ,トリンドル玲奈
エンタメ,仲間由紀恵
エンタメ,松嶋尚美
エンタメ,森下悠里
エンタメ,松たか子
エンタメ,小倉優子
エンタメ,中島美嘉
エンタメ,藤原紀香
エンタメ,錦戸亮
エンタメ,三船美佳
エンタメ,松田聖子
エンタメ,宮沢りえ
エンタメ,広末涼子
エンタメ,萩原流行
エンタメ,神田うの
エンタメ,小林麻耶
エンタメ,志田未来
エンタメ,高梨臨
エンタメ,倖田來未
エンタメ,生田斗真
エンタメ,早見あかり
エンタメ,星野源
エンタメ,中川翔子
エンタメ,松本人志
エンタメ,北乃きい
エンタメ,芦田愛菜
エンタメ,KAT-TUN
エンタメ,AKB総選挙
エンタメ,叶姉妹
エンタメ,磯山さやか
エンタメ,永作博美
エンタメ,くわばたりえ
エンタメ,misono
エンタメ,浜田雅功
エンタメ,比嘉愛未
エンタメ,武井壮
エンタメ,多部未華子
エンタメ,松田翔太
エンタメ,大渕愛子
エンタメ,優木まおみ
エンタメ,高橋愛
エンタメ,島田紳助
エンタメ,大沢たかお
エンタメ,高橋真麻
エンタメ,林修
エンタメ,菅野美穂
エンタメ,釈由美子
エンタメ,柳ゆり菜
エンタメ,相武紗季
エンタメ,DAIGO
エンタメ,賀来賢人
エンタメ,TOKIO
エンタメ,グラビアアイドル
エンタメ,岡田斗司夫
エンタメ,安西ひろこ
エンタメ,栗山千明
エンタメ,手越祐也
エンタメ,陣内智則
エンタメ,藤本美貴
エンタメ,梨花
エンタメ,草なぎ剛
エンタメ,池松壮亮
エンタメ,狩野英孝
エンタメ,金山一彦
エンタメ,木崎ゆりあ
エンタメ,大沢ケイミ
エンタメ,入山杏奈
エンタメ,水卜麻美
エンタメ,渡辺直美
エンタメ,峯岸みなみ
エンタメ,大泉洋
エンタメ,堂本剛
エンタメ,西川貴教
エンタメ,篠原涼子
エンタメ,森高千里
エンタメ,水嶋ヒロ
エンタメ,橋下徹
エンタメ,バカリズム
エンタメ,ホラン千秋
エンタメ,やしきたかじん
エンタメ,叶恭子
エンタメ,ムロツヨシ
エンタメ,菊地亜美
エンタメ,遠野なぎこ
エンタメ,ダウンタウン
エンタメ,夏菜
エンタメ,ヒロミ
エンタメ,夏帆
エンタメ,向井地美音
エンタメ,桑田佳祐
エンタメ,尾上松也
エンタメ,山口智子
エンタメ,城田優
エンタメ,藤田ニコル
エンタメ,水沢アリー
エンタメ,斉藤和巳
エンタメ,新山千春
エンタメ,香取慎吾
エンタメ,中谷美紀
エンタメ,神田愛花
エンタメ,蛯原友里
エンタメ,笹崎里菜
エンタメ,水川あさみ
エンタメ,小田和正
エンタメ,眞鍋かをり
エンタメ,北村一輝
エンタメ,鳥居みゆき
エンタメ,サンドウィッチマン
エンタメ,バナナマン
エンタメ,安めぐみ
エンタメ,ウーマンラッシュアワー
エンタメ,永島優美
エンタメ,どぶろっく
エンタメ,A.B.C-Z
エンタメ,タモリ
エンタメ,井浦新
エンタメ,岡村隆史
エンタメ,Ami
エンタメ,愛川欽也
エンタメ,デヴィ夫人
エンタメ,ももち
エンタメ,秋元才加
エンタメ,渡部篤郎
エンタメ,本郷奏多
エンタメ,保田圭
エンタメ,麻生久美子
エンタメ,及川光博
エンタメ,大江麻理子
エンタメ,有吉弘行
エンタメ,村上信五
エンタメ,西山茉希
エンタメ,渡辺謙
エンタメ,佐々木蔵之介
エンタメ,春香クリスティーン
エンタメ,狩野恵里
エンタメ,道端アンジェリカ
エンタメ,檀れい
エンタメ,千原ジュニア
エンタメ,常盤貴子
エンタメ,郷ひろみ
エンタメ,梅田彩佳
エンタメ,明石家さんま
エンタメ,篠原ともえ
エンタメ,濱田岳
エンタメ,東原亜希
エンタメ,兒玉遥
エンタメ,上重聡
エンタメ,長瀬智也
エンタメ,三田友梨佳
エンタメ,土屋アンナ
エンタメ,稲垣吾郎
エンタメ,鬼龍院翔
エンタメ,ジャニーズJr.
エンタメ,あばれる君
エンタメ,ビートたけし
エンタメ,押切もえ
エンタメ,内村光良
エンタメ,福田萌
エンタメ,江原啓之
エンタメ,古賀茂明
エンタメ,小山慶一郎
エンタメ,中村うさぎ
エンタメ,高橋ジョージ
エンタメ,薬丸裕英
エンタメ,田中れいな
エンタメ,熊切あさ美
エンタメ,松田優作
エンタメ,高城亜樹
エンタメ,平山浩行
エンタメ,竹内由恵
エンタメ,小室哲哉
エンタメ,須田亜香里
エンタメ,南明奈
エンタメ,唐沢寿明
エンタメ,市川美織
エンタメ,大家志津香
エンタメ,高島彩
エンタメ,古市憲寿
エンタメ,林真理子
エンタメ,柳原可奈子
エンタメ,大久保佳代子
エンタメ,堀江貴文
エンタメ,酒井法子
エンタメ,二階堂高嗣
エンタメ,アンジャッシュ
エンタメ,ミッツ・マングローブ
エンタメ,アンタッチャブル
エンタメ,イモトアヤコ
エンタメ,菊川怜
エンタメ,マリエ
エンタメ,阿部サダヲ
エンタメ,はいだしょうこ
エンタメ,YOSHIKI
エンタメ,TAKAHIRO
エンタメ,さだまさし
エンタメ,加藤シゲアキ
エンタメ,オードリー
エンタメ,福田彩乃
エンタメ,田原俊彦
エンタメ,木梨憲武
エンタメ,林下清志
エンタメ,樽美酒研二
エンタメ,浅野忠信
エンタメ,紺野あさ美
エンタメ,藤崎奈々子
エンタメ,美保純
エンタメ,大沢あかね
エンタメ,中村獅童
エンタメ,南野陽子
エンタメ,片岡愛之助
エンタメ,新垣隆
エンタメ,反町隆史
エンタメ,中村昌也
エンタメ,博多華丸・大吉
エンタメ,出川哲朗
エンタメ,徳井義実
エンタメ,城島茂
エンタメ,堂林翔太
エンタメ,西川史子
エンタメ,風間俊介
エンタメ,和田アキ子
エンタメ,有働由美子
エンタメ,村重杏奈
エンタメ,蛭子能収
エンタメ,前園真聖
エンタメ,重盛さと美
エンタメ,仁科仁美
エンタメ,叶美香
エンタメ,8.6秒バズーカー
エンタメ,オリエンタルラジオ
エンタメ,おぎやはぎ
エンタメ,加藤浩次
エンタメ,さかなクン
エンタメ,エド・はるみ
エンタメ,はるな愛
エンタメ,伊集院光
エンタメ,メッセンジャー
エンタメ,岡本夏生
エンタメ,哀川翔
エンタメ,吉本興業
エンタメ,間宮祥太朗
エンタメ,伊東美咲
エンタメ,栗原類
エンタメ,内田恭子
エンタメ,秋元康
エンタメ,松村香織
エンタメ,沢村一樹
エンタメ,高畑淳子
エンタメ,新井ゆうこ
エンタメ,博多大吉
エンタメ,石橋貴明
エンタメ,真田広之
エンタメ,石田純一
エンタメ,川崎希
エンタメ,山口達也
エンタメ,小林よしのり
エンタメ,劇団ひとり
エンタメ,矢吹春奈
エンタメ,市井紗耶香
エンタメ,水谷豊
エンタメ,福田沙紀
エンタメ,山崎夕貴
エンタメ,町田啓太
エンタメ,北野武
エンタメ,弘中綾香
エンタメ,三村マサカズ
エンタメ,酒井若菜
エンタメ,宮川大輔
エンタメ,宮田俊哉
エンタメ,鈴木香音
エンタメ,松山ケンイチ
エンタメ,HIKAKIN
エンタメ,C-ute
エンタメ,安住紳一郎
エンタメ,ATSUSHI
エンタメ,安座間美優
エンタメ,カンニング竹山
エンタメ,ふかわりょう
エンタメ,ジャングルポケット
エンタメ,テリー伊藤
エンタメ,吉田栄作
エンタメ,NGT48
エンタメ,栗田貫一
エンタメ,山本圭一
エンタメ,宮迫博之
エンタメ,極楽とんぼ
エンタメ,八代亜紀
エンタメ,国分太一
エンタメ,小雪
エンタメ,今田耕司
エンタメ,久本雅美
エンタメ,藤森慎吾
エンタメ,赤井英和
エンタメ,森三中
エンタメ,今井美樹
エンタメ,東京03
エンタメ,樹木希林
エンタメ,小島よしお
エンタメ,爆笑問題
エンタメ,松村未央
エンタメ,長嶋一茂
エンタメ,鈴木紗理奈
エンタメ,千秋
エンタメ,島田晴香
エンタメ,田村淳
エンタメ,平野レミ
エンタメ,椿鬼奴
エンタメ,浅香航大
エンタメ,長谷川豊
エンタメ,小泉孝太郎
エンタメ,村本大輔
エンタメ,藤江れいな
エンタメ,相田翔子
エンタメ,尾木ママ
エンタメ,柳葉敏郎
エンタメ,松岡昌宏
エンタメ,草間彌生
エンタメ,佐藤聖羅
エンタメ,紫吹淳
エンタメ,つちやかおり
エンタメ,T.M.Revolution
エンタメ,ケンドーコバヤシ
エンタメ,楽しんご
エンタメ,キングコング
エンタメ,ホリプロ
エンタメ,ミス・ユニバース
エンタメ,ソニン
エンタメ,安藤優子
エンタメ,クリスタル・ケイ
エンタメ,ウエンツ瑛士
エンタメ,井ノ原快彦
エンタメ,松本伊代
エンタメ,板尾創路
エンタメ,嗣永桃子
エンタメ,広田レオナ
エンタメ,清水邦広
エンタメ,朝比奈彩
エンタメ,水沢アキ
エンタメ,宮根誠司
エンタメ,山口もえ
エンタメ,武田鉄矢
エンタメ,北大路欣也
エンタメ,榊原郁恵
エンタメ,坂井泉水
エンタメ,降谷建志
エンタメ,野田洋次郎
エンタメ,石田晴香
エンタメ,田中邦衛
エンタメ,東野幸治
エンタメ,今井絵理子
エンタメ,布川敏和
エンタメ,宮藤官九郎
エンタメ,武藤敬司
エンタメ,松方弘樹
エンタメ,小谷里歩
エンタメ,松崎しげる
エンタメ,山里亮太
エンタメ,国生さゆり
エンタメ,大山のぶ代
エンタメ,みのもんた
エンタメ,NAOTO
エンタメ,アンガールズ
エンタメ,吉本新喜劇
エンタメ,森泉
エンタメ,とんねるず
エンタメ,AKIRA
エンタメ,アイドル
エンタメ,横山やすし
エンタメ,亀井京子
エンタメ,ホリエモン
エンタメ,りょう
エンタメ,インパルス
エンタメ,スギちゃん
エンタメ,綾小路翔
エンタメ,タカアンドトシ
エンタメ,バーニング
エンタメ,生瀬勝久
エンタメ,子役
エンタメ,研ナオコ
エンタメ,佐々木健介
エンタメ,六角精児
エンタメ,柳いろは
エンタメ,武田真治
エンタメ,古田新太
エンタメ,麒麟
エンタメ,土田晃之
エンタメ,勝谷誠彦
エンタメ,大黒摩季
エンタメ,桝太一
エンタメ,ボビー・オロゴン
エンタメ,エスパー伊東
エンタメ,IKKO
エンタメ,羽鳥慎一
エンタメ,鈴木梨央
エンタメ,設楽統
エンタメ,堺正章
エンタメ,藤崎マーケット
エンタメ,具志堅用高
エンタメ,陣内孝則
エンタメ,森山良子
エンタメ,根津甚八
エンタメ,笑い飯
エンタメ,熊井友理奈
エンタメ,小倉智昭
エンタメ,渡部建
エンタメ,津川雅彦
エンタメ,佐藤隆太
エンタメ,北川悠仁
エンタメ,濱口優
エンタメ,野生爆弾
エンタメ,今いくよ・くるよ
エンタメ,又吉直樹
エンタメ,鈴木拓
エンタメ,梅沢富美男
エンタメ,矢部美穂
エンタメ,太田光
エンタメ,辛坊治郎
エンタメ,高橋由美子
エンタメ,黒沢かずこ
エンタメ,LiLiCo
エンタメ,遠藤章造
エンタメ,紀里谷和明
エンタメ,フットボールアワー
エンタメ,ハーフタレント
エンタメ,いとうまい子
エンタメ,ウッチャンナンチャン
エンタメ,丸岡いずみ
エンタメ,ハマ・オカモト
エンタメ,レイザーラモンHG
エンタメ,ビビる大木
エンタメ,SHELLY
エンタメ,オスカープロモーション
エンタメ,岩田華怜
エンタメ,ハリセンボン
エンタメ,スピードワゴン
エンタメ,大木凡人
エンタメ,天野ひろゆき
エンタメ,蜷川幸雄
エンタメ,佐藤大
エンタメ,有田哲平
エンタメ,城咲仁
エンタメ,渡辺徹
エンタメ,上島竜兵
エンタメ,若尾文子
エンタメ,矢部浩之
エンタメ,市原悦子
エンタメ,品川庄司
エンタメ,杉原千畝
エンタメ,読者モデル
エンタメ,池田エライザ
エンタメ,笑福亭鶴瓶
エンタメ,三上真奈
エンタメ,美川憲一
エンタメ,有村昆
エンタメ,長塚圭史
エンタメ,高橋克実
エンタメ,ロザン
エンタメ,雨上がり決死隊
エンタメ,バイきんぐ
エンタメ,ダイノジ
エンタメ,猿岩石
エンタメ,吉村由美
エンタメ,岡田義徳
エンタメ,関口宏
エンタメ,井戸田潤
エンタメ,吉村崇
エンタメ,PUFFY
エンタメ,たむらけんじ
エンタメ,エキストラ
エンタメ,徳光和夫
エンタメ,山田親太朗
エンタメ,宮本亜門
エンタメ,平成ノブシコブシ
エンタメ,藤田まこと
エンタメ,山口智充
エンタメ,久米宏
エンタメ,川越達也
エンタメ,宮本エリアナ
エンタメ,萩本欽一
エンタメ,舟山久美子
エンタメ,里見浩太朗
エンタメ,別所哲也
エンタメ,日村勇紀
エンタメ,松本幸四郎
エンタメ,猫ひろし
エンタメ,ミスコン
エンタメ,ウド鈴木
エンタメ,ブラックマヨネーズ
エンタメ,喜屋武豊
エンタメ,南原清隆
エンタメ,若林正恭
エンタメ,山路徹
エンタメ,庄司智春
エンタメ,波田陽区
エンタメ,高須克弥
エンタメ,TEAM NACS
エンタメ,ダンディ坂野
エンタメ,榎並大二郎
エンタメ,野呂佳代
エンタメ,百田尚樹
エンタメ,みきママ
エンタメ,はじめしゃちょー
エンタメ,指原莉乃
エンタメ,成宮寛貴
エンタメ,Kis-My-Ft2
エンタメ,関ジャニ∞
エンタメ,最上もが
エンタメ,鈴木おさむ
エンタメ,結婚式
エンタメ,落語
エンタメ,同棲
エンタメ,仮面女子
エンタメ,地下アイドル
エンタメ,滝口ひかり
エンタメ,窪塚洋介
エンタメ,星奈津美
エンタメ,菜々緒
エンタメ,菜々緒のメイク
エンタメ,阿藤快
エンタメ,マナカナ
エンタメ,鈴木京香
エンタメ,つんく
エンタメ,平井理央
エンタメ,マドンナ
エンタメ,塚地武雅
エンタメ,彦摩呂
エンタメ,道端ジェシカ
エンタメ,道端カレン
エンタメ,鈴木ちなみ
エンタメ,大石絵理
エンタメ,松雪泰子
エンタメ,ワッキー
エンタメ,田代まさし
エンタメ,市原隼人
エンタメ,南果歩
エンタメ,塚本高史
エンタメ,真野恵里菜
エンタメ,土屋太凰
エンタメ,ミムラ
エンタメ,足立梨花
エンタメ,真矢ミキ
エンタメ,村上知子
エンタメ,大谷ノブ彦
エンタメ,本田朋子
エンタメ,でんぱ組.inc
エンタメ,篠原信一
エンタメ,品川祐
エンタメ,植木理恵
エンタメ,澤部佑
エンタメ,ハライチ
エンタメ,大沢樹生
エンタメ,菜々緒のテレビ出演
エンタメ,倉持由香
エンタメ,レースクイーン
エンタメ,久松郁実
エンタメ,宮城大樹
エンタメ,水木しげる
エンタメ,アジアン隅田
エンタメ,岸明日香
エンタメ,松井愛莉
エンタメ,欅坂46
エンタメ,小堺一機
エンタメ,JOY
エンタメ,島袋聖南
エンタメ,洋画
エンタメ,邦画
エンタメ,ジブリ
エンタメ,ディズニー
エンタメ,ホラー
エンタメ,ミステリー
エンタメ,アクション
エンタメ,ドキュメンタリー
エンタメ,ミュージカル
エンタメ,実写化
エンタメ,コメディ
エンタメ,ホットロード
エンタメ,イニシエーション・ラブ
エンタメ,図書館戦争
エンタメ,園子温
エンタメ,呪怨
エンタメ,アナと雪の女王
エンタメ,スター・ウォーズ
エンタメ,ターミネーター
エンタメ,アベンジャーズ
エンタメ,ジュラシックワールド
エンタメ,ハンガー・ゲーム
エンタメ,マッドマックス
エンタメ,ピッチ・パーフェクト
エンタメ,ビリギャル
エンタメ,ギャラクシー街道
エンタメ,伊坂幸太郎
エンタメ,グラスホッパー
エンタメ,洋楽
エンタメ,J-POP
エンタメ,K-POP
エンタメ,クラシック
エンタメ,Mr.Children
エンタメ,浜崎あゆみ
エンタメ,マルーン5
エンタメ,ブルーノ・マーズ
エンタメ,ワン・ダイレクション
エンタメ,GACKT
エンタメ,EXILE
エンタメ,B’z
エンタメ,福山雅治
エンタメ,ライブ・コンサート
エンタメ,PV
エンタメ,ビヨンセ
エンタメ,E-girls
エンタメ,Perfume
エンタメ,いきものがかり
エンタメ,GLAY
エンタメ,aiko
エンタメ,RADWIMPS
エンタメ,ミュージックステーション
エンタメ,華原朋美
エンタメ,ゲスの極み乙女
エンタメ,YUI
エンタメ,FNS歌謡祭
エンタメ,flumpool
エンタメ,LUNA SEA
エンタメ,桜井和寿
エンタメ,KEIKO
エンタメ,BUCK-TICK
エンタメ,UNISON SQUARE GARDEN
エンタメ,ZARD
エンタメ,MINMI
エンタメ,NHK紅白歌合戦
エンタメ,GReeeeN
エンタメ,miwa
エンタメ,森山直太朗
エンタメ,X JAPAN
エンタメ,エイベックス
エンタメ,三代目J Soul Brothers
エンタメ,クリス・ハート
エンタメ,福原美穂
エンタメ,アヴリル・ラヴィーン
エンタメ,藤井フミヤ
エンタメ,ドラマ
エンタメ,バラエティ
エンタメ,朝ドラ
エンタメ,フジテレビ
エンタメ,TBS
エンタメ,テレビ東京
エンタメ,テレビ朝日
エンタメ,NHK
エンタメ,Eテレ
エンタメ,日本テレビ
エンタメ,有吉ゼミ
エンタメ,TOKYO MX
エンタメ,月曜から夜ふかし
エンタメ,天皇の料理番
エンタメ,放送事故
エンタメ,VS嵐
エンタメ,バイキング
エンタメ,ロンドンハーツ
エンタメ,マツコの知らない世界
エンタメ,あまちゃん
エンタメ,逃走中
エンタメ,嵐にしやがれ
エンタメ,しゃべくり007
エンタメ,MOZU
エンタメ,ミヤネ屋
エンタメ,ヤメゴク
エンタメ,ゴッドタン
エンタメ,報道ステーション
エンタメ,大河ドラマ
エンタメ,有吉反省会
エンタメ,ニッポン放送
エンタメ,モニタリング
エンタメ,すしざんまい
エンタメ,ヨルタモリ
エンタメ,アメトーーク
エンタメ,ワイドナショー
エンタメ,アナザースカイ
エンタメ,行列のできる法律相談所
エンタメ,スクール革命
エンタメ,あさイチ
エンタメ,ぐるナイ
エンタメ,朝日放送
エンタメ,水戸黄門
エンタメ,笑点
エンタメ,おしゃれイズム
エンタメ,IPPONグランプリ
エンタメ,とんねるずのみなさんのおかげでした
エンタメ,踊る大捜査線
エンタメ,今夜くらべてみました
エンタメ,木更津キャッツアイ
エンタメ,ざっくりハイタッチ
エンタメ,ナカイの窓
エンタメ,ネプリーグ
エンタメ,ドS刑事
エンタメ,天使と悪魔
エンタメ,水曜歌謡祭
エンタメ,やべっちF.C.
エンタメ,ごきげんよう
エンタメ,あの人は今
エンタメ,ど根性ガエル
エンタメ,A-Studio
エンタメ,有吉ジャポン
エンタメ,劇団EXILE
エンタメ,炎の体育会TV
エンタメ,サンデージャポン
エンタメ,櫻井有吉アブナイ夜会
エンタメ,しくじり先生
エンタメ,ダウンタウンDX
エンタメ,サイレーン
エンタメ,あさが来た
エンタメ,下町ロケット
エンタメ,ホンマでっか！？TV
エンタメ,M-1グランプリ
エンタメ,ミランダ・カー
エンタメ,ジャスティン・ビーバー
エンタメ,マイリー・サイラス
エンタメ,ショーン・ペン
エンタメ,エマ・ワトソン
エンタメ,キーラ・ナイトレイ
エンタメ,セックス・アンド・ザ・シティ
エンタメ,トム・クルーズ
エンタメ,キャメロン・ディアス
エンタメ,ジョニー・デップ
エンタメ,テイラー・スウィフト
エンタメ,ゴシップ
政治・経済,安倍
政治・経済,政治
政治・経済,経済
政治・経済,政経
政治・経済,金
政治・経済,GDP
政治・経済,政府
政治・経済,官僚
政治・経済,FX
政治・経済,株
政治・経済,銀行
政治・経済,預金
政治・経済,通帳
政治・経済,事故
政治・経済,事件
政治・経済,通り魔
政治・経済,いじめ問題
政治・経済,自然災害
政治・経済,警察
政治・経済,未解決事件
政治・経済,虐待
政治・経済,安部首相
政治・経済,民主党
政治・経済,自民党
政治・経済,政治家
政治・経済,政治とカネ問題
政治・経済,選挙
政治・経済,消費税
政治・経済,食品
政治・経済,TPP
政治・経済,年金
政治・経済,政党
政治・経済,法律
政治・経済,一人暮らし
政治・経済,アパレル
政治・経済,朝日新聞
政治・経済,地震
政治・経済,海外の反応
政治・経済,うつ病
政治・経済,大阪都構想
政治・経済,東京都
政治・経済,茨城県
政治・経済,富岡製糸場
政治・経済,認知症
政治・経済,モラハラ
政治・経済,世界遺産
政治・経済,石川県
政治・経済,大阪府
政治・経済,福岡県
政治・経済,ゆとり世代
政治・経済,オタク
政治・経済,シングルマザー
政治・経済,ステマ
政治・経済,石破茂
政治・経済,弁護士
政治・経済,老人ホーム
政治・経済,著作権
政治・経済,交通事故
政治・経済,ゴミ屋敷
政治・経済,気象予報士
政治・経済,天気
政治・経済,フリーター
政治・経済,万引き
政治・経済,宇宙飛行士
政治・経済,喫煙
政治・経済,東京駅
政治・経済,転職
政治・経済,アルバイト
政治・経済,クレジットカード
政治・経済,厚生労働省
政治・経済,集団的自衛権
政治・経済,安倍晋三
政治・経済,自殺
政治・経済,住宅ローン
政治・経済,国土交通省
政治・経済,埼玉県
政治・経済,兵庫県
政治・経済,愛知県
政治・経済,父の日
政治・経済,長野県
政治・経済,イオンモール
政治・経済,自衛隊
政治・経済,リクルート
政治・経済,軍艦島
政治・経済,生活保護
政治・経済,手足口病
政治・経済,ブラック企業
政治・経済,労働基準法
政治・経済,婚活
政治・経済,社会保険
政治・経済,オウム真理教
政治・経済,アシアナ航空
政治・経済,池上彰
政治・経済,経済産業省
政治・経済,タバコ
政治・経済,警視庁
政治・経済,文部科学省
政治・経済,日本年金機構
政治・経済,海上自衛隊
政治・経済,看護師
政治・経済,ストレス
政治・経済,就活
政治・経済,水族館
政治・経済,幸福の科学
政治・経済,キャバクラ
政治・経済,公明党
政治・経済,マイナンバー
政治・経済,出会い系サイト
政治・経済,いじめ
政治・経済,共産党
政治・経済,環境省
政治・経済,食中毒
政治・経済,高齢者
政治・経済,憲法9条
政治・経済,噴火
政治・経済,梅雨
政治・経済,花火大会
政治・経済,原発
政治・経済,福島
政治・経済,LGBT
政治・経済,不祥事
政治・経済,マネー
政治・経済,アベノミクス
政治・経済,値上げ
政治・経済,株価
政治・経済,ビックデータ
政治・経済,起業
政治・経済,金融
政治・経済,不動産
政治・経済,エネルギー
政治・経済,IT業界
政治・経済,自動車
政治・経済,機械
政治・経済,飲食
政治・経済,サービス
政治・経済,流通
政治・経済,商社
政治・経済,海外旅行
政治・経済,新幹線
政治・経済,パチンコ
政治・経済,イトーヨーカドー
政治・経済,しまむら
政治・経済,ABCマート
政治・経済,りそな銀行
政治・経済,ユニクロ
政治・経済,宝くじ
政治・経済,大塚家具
政治・経済,ヤマハ
政治・経済,東京大学
政治・経済,Suica
政治・経済,GDP
政治・経済,保険
政治・経済,ファミリーマート
政治・経済,成田空港
政治・経済,羽田空港
政治・経済,スズキ
政治・経済,シャープ
政治・経済,サントリー
政治・経済,餃子の王将
政治・経済,幸楽苑
政治・経済,トヨタ
政治・経済,JT
政治・経済,三菱UFJ
政治・経済,NTT
政治・経済,ドコモ
政治・経済,KDDI
政治・経済,ホンダ
政治・経済,日産
政治・経済,吉野屋
政治・経済,マイクロソフト
政治・経済,パナソニック
政治・経済,セブン-イレブン
政治・経済,IBM
政治・経済,起業家
政治・経済,韓国
政治・経済,ASEAN
政治・経済,中国
政治・経済,北朝鮮
政治・経済,台湾
政治・経済,インドネシア
政治・経済,ベトナム
政治・経済,フィリピン
政治・経済,ブルネイ
政治・経済,カンボジア
政治・経済,マレーシア
政治・経済,シンガポール
政治・経済,ミャンマー
政治・経済,ラオス
政治・経済,中国語
政治・経済,オバマ
政治・経済,ファッション
政治・経済,海外ドラマ
政治・経済,国際情勢
政治・経済,留学
政治・経済,英語
政治・経済,テロ
政治・経済,ギリシャ
政治・経済,ロシア
テクノロジー,IT
テクノロジー,技術
テクノロジー,テクノロジー
テクノロジー,プログラミング
テクノロジー,SE
テクノロジー,PG
テクノロジー,システム
テクノロジー,システムエンジニア
テクノロジー,プログラマ
テクノロジー,フレームワーク
テクノロジー,FW
テクノロジー,ライブラリ
テクノロジー,GitHub,
テクノロジー,iPhone
テクノロジー,Macbook
テクノロジー,Apple Watch
テクノロジー,iOS
テクノロジー,スティーブ・ジョブズ
テクノロジー,iPad
テクノロジー,Siri
テクノロジー,iPod
テクノロジー,iPhoneケース
テクノロジー,iTunes
テクノロジー,スマホケース
テクノロジー,新型iPhone
テクノロジー,iPhone 7
テクノロジー,Galaxy
テクノロジー,ARROWS
テクノロジー,Xperia
テクノロジー,ELUGA
テクノロジー,Optimus
テクノロジー,ドローン
テクノロジー,IoT
テクノロジー,SNS
テクノロジー,人工知能
テクノロジー,ガジェット
テクノロジー,Web
テクノロジー,LINE
テクノロジー,docomo
テクノロジー,au
テクノロジー,タブレット
テクノロジー,セキュリティ
テクノロジー,データ通信
テクノロジー,amazon
テクノロジー,Google
テクノロジー,3Dプリンタ
テクノロジー,レーザーカッター
テクノロジー,ソフトバンク
テクノロジー,WiFi
テクノロジー,SIMフリー
テクノロジー,テザリング
テクノロジー,ロボット
テクノロジー,スマートフォン
テクノロジー,パソコン
テクノロジー,Twitter
テクノロジー,Facebook
テクノロジー,Instagram
テクノロジー,YouTube
テクノロジー,写真
テクノロジー,動画
テクノロジー,iPS細胞
テクノロジー,ノーベル賞
テクノロジー,STAP細胞
テクノロジー,脳科学
テクノロジー,宇宙
テクノロジー,発明
テクノロジー,家電
テクノロジー,環境問題
アニメ・ゲーム,アニメ
アニメ・ゲーム,ゲーム
アニメ・ゲーム,任天堂
アニメ・ゲーム,ソニー
アニメ・ゲーム,SONY
アニメ・ゲーム,プレステ
アニメ・ゲーム,プレイステーション
アニメ・ゲーム,PlayStation
アニメ・ゲーム,PS1
アニメ・ゲーム,PS2
アニメ・ゲーム,PS3
アニメ・ゲーム,PS4
アニメ・ゲーム,PS5
アニメ・ゲーム,ゲームボーイ
アニメ・ゲーム,GB
アニメ・ゲーム,ゲームボーイカラー
アニメ・ゲーム,GBC
アニメ・ゲーム,ゲームボーイアドバンス
アニメ・ゲーム,GBA
アニメ・ゲーム,DS
アニメ・ゲーム,3DS
アニメ・ゲーム,ファミコン
アニメ・ゲーム,ファミリーコンピューター
アニメ・ゲーム,FC
アニメ・ゲーム,スーファミ
アニメ・ゲーム,SFC
アニメ・ゲーム,64
アニメ・ゲーム,N64
アニメ・ゲーム,ロクヨン
アニメ・ゲーム,ゲームキューブ
アニメ・ゲーム,GC
アニメ・ゲーム,Wii
アニメ・ゲーム,WiiU
アニメ・ゲーム,PSP
アニメ・ゲーム,PSVita
アニメ・ゲーム,Vita
アニメ・ゲーム,XBox
アニメ・ゲーム,XBox360
アニメ・ゲーム,XBoxOne
アニメ・ゲーム,セガ
アニメ・ゲーム,セガサターン
アニメ・ゲーム,SEGA
アニメ・ゲーム,マリオ
アニメ・ゲーム,FF
アニメ・ゲーム,ドラクエ
アニメ・ゲーム,ドラゴンクエスト,
アニメ・ゲーム,声優
アニメ・ゲーム,コードギアス
アニメ・ゲーム,PSYCHO-PASS
アニメ・ゲーム,黒執事
アニメ・ゲーム,ドラえもん
アニメ・ゲーム,ドラゴンボール
アニメ・ゲーム,ラブライブ！
アニメ・ゲーム,アニソン
アニメ・ゲーム,コスプレ
アニメ・ゲーム,黒子のバスケ
アニメ・ゲーム,名探偵コナン
アニメ・ゲーム,まどか☆マギカ
アニメ・ゲーム,MAD
アニメ・ゲーム,STEINS;GATE
アニメ・ゲーム,ニトロプラス
アニメ・ゲーム,ライトノベル
アニメ・ゲーム,ソードアート・オンライン
アニメ・ゲーム,Fate／stay night
アニメ・ゲーム,アルドノア・ゼロ
アニメ・ゲーム,クレヨンしんちゃん
アニメ・ゲーム,＜物語＞シリーズ
アニメ・ゲーム,サンリオ
アニメ・ゲーム,緒方恵美
アニメ・ゲーム,ガンダムAGE
アニメ・ゲーム,エヴァンゲリオン
アニメ・ゲーム,マクロス
アニメ・ゲーム,ルパン三世
アニメ・ゲーム,ガンダム
アニメ・ゲーム,ワンフェス
アニメ・ゲーム,庵野秀明
アニメ・ゲーム,ウルトラマン
アニメ・ゲーム,竹達彩奈
アニメ・ゲーム,花澤香菜
アニメ・ゲーム,日笠陽子
アニメ・ゲーム,喜多村英梨
アニメ・ゲーム,洲崎綾
アニメ・ゲーム,西明日香
アニメ・ゲーム,安野モヨコ
アニメ・ゲーム,沢城みゆき
アニメ・ゲーム,ClariS
アニメ・ゲーム,ボカロ
アニメ・ゲーム,大塚明夫
アニメ・ゲーム,おそ松さん
アニメ・ゲーム,ニンテンドー3DS
アニメ・ゲーム,プレイステーション4
アニメ・ゲーム,Wii U
アニメ・ゲーム,PlayStation Vita
アニメ・ゲーム,アプリ
アニメ・ゲーム,攻略
アニメ・ゲーム,RPG
アニメ・ゲーム,オンラインゲーム
アニメ・ゲーム,格闘ゲーム
アニメ・ゲーム,モンハン
アニメ・ゲーム,ドラクエ
アニメ・ゲーム,ポケモン
アニメ・ゲーム,ファイナルファンタジー
アニメ・ゲーム,スーパーマリオ
アニメ・ゲーム,妖怪ウォッチ
アニメ・ゲーム,ファイアーエムブレム
アニメ・ゲーム,リズム天国
アニメ・ゲーム,スプラトゥーン
アニメ・ゲーム,ペルソナ4
アニメ・ゲーム,Minecraft
アニメ・ゲーム,マリオカート
アニメ・ゲーム,どうぶつの森
アニメ・ゲーム,スマッシュブラザーズ
アニメ・ゲーム,パズドラ
アニメ・ゲーム,モンスト
アニメ・ゲーム,白猫プロジェクト
アニメ・ゲーム,黒猫のウィズ
アニメ・ゲーム,ブレイブフロンティア
アニメ・ゲーム,チェインクロニクル
アニメ・ゲーム,ドラゴンポーカー
アニメ・ゲーム,レコードキーパー
アニメ・ゲーム,カプコン
アニメ・ゲーム,ストリートファイター
アニメ・ゲーム,コロプラ
アニメ・ゲーム,任天堂
アニメ・ゲーム,暗殺教室
アニメ・ゲーム,進撃の巨人
アニメ・ゲーム,七つの大罪
アニメ・ゲーム,ONE PIECE
アニメ・ゲーム,スラムダンク
アニメ・ゲーム,NARUTO
アニメ・ゲーム,ジョジョの奇妙な冒険
アニメ・ゲーム,少年ジャンプ
アニメ・ゲーム,HUNTER×HUNTER
アニメ・ゲーム,BLEACH
アニメ・ゲーム,失恋ショコラティエ
アニメ・ゲーム,魔法使いの嫁
アニメ・ゲーム,キングダム
アニメ・ゲーム,終わりのセラフ
アニメ・ゲーム,東京喰種
アニメ・ゲーム,弱虫ペダル
アニメ・ゲーム,ハイキュー!!
アニメ・ゲーム,四月は君の嘘
アニメ・ゲーム,アオハライド
アニメ・ゲーム,ダイヤのA
アニメ・ゲーム,宇宙兄弟
アニメ・ゲーム,君に届け
アニメ・ゲーム,うしおととら
アニメ・ゲーム,3月のライオン
アニメ・ゲーム,金田一少年の事件簿
アニメ・ゲーム,のだめカンタービレ
アニメ・ゲーム,俺物語!!
アニメ・ゲーム,食戟のソーマ
アニメ・ゲーム,ワンパンマン
アニメ・ゲーム,シドニアの騎士
アニメ・ゲーム,銀魂
アニメ・ゲーム,デスノート
アニメ・ゲーム,海猿
アニメ・ゲーム,頭文字D
アニメ・ゲーム,松本零士
アニメ・ゲーム,あしたのジョー
R18,おっぱい
R18,胸
R18,巨乳
R18,貧乳
R18,R18
R18,エロ
R18,AV
R18,無修正
